{"initial_reset_timestamp": 1500020677.2833364, "timestamps": [1500020681.8984644, 1500020685.8497338, 1500020688.0306702, 1500020689.7374308, 1500020691.4361792, 1500020692.9601147, 1500020694.2453423, 1500020695.8167732, 1500020700.2131157, 1500020702.377836, 1500020703.7589016, 1500020705.4117937, 1500020706.9676554, 1500020708.7554903, 1500020710.3053887, 1500020711.9594715, 1500020713.3957477, 1500020715.125244, 1500020716.960376, 1500020718.587004, 1500020720.7544904, 1500020722.139356, 1500020723.696008, 1500020725.1869974, 1500020726.6127915, 1500020728.4950092, 1500020729.9770446, 1500020734.7580273, 1500020736.3516495, 1500020737.8516762, 1500020739.285834, 1500020741.0749886, 1500020742.451153, 1500020744.0598266, 1500020745.593706, 1500020747.1684363, 1500020748.8530478, 1500020750.1315134, 1500020751.7943976, 1500020753.4107916, 1500020754.9998665, 1500020756.33952, 1500020757.9771788, 1500020759.4818711, 1500020761.0713975, 1500020762.5652695, 1500020764.2349145, 1500020766.0275445, 1500020767.6281302, 1500020769.0824533, 1500020770.8026516, 1500020772.6543493, 1500020774.2266762, 1500020775.9399843, 1500020782.9144948, 1500020789.4425519, 1500020796.6207042, 1500020803.5892212, 1500020810.0669258, 1500020815.85146, 1500020823.1107008, 1500020829.598576, 1500020836.9792945, 1500020843.0422094, 1500020852.3672776, 1500020859.8808448, 1500020865.5514195, 1500020871.9443471, 1500020878.4583125, 1500020885.8474681, 1500020893.924831, 1500020901.711784], "episode_lengths": [3371, 3479, 3367, 4034, 3901, 3483, 3056, 3607, 3989, 4680, 3131, 3757, 3715, 4108, 3524, 3833, 3408, 3959, 4217, 3720, 5020, 3304, 3555, 3392, 3408, 4341, 3373, 3648, 3203, 3479, 3372, 4116, 3128, 3833, 3520, 3596, 3870, 3056, 3804, 3704, 3780, 3056, 3756, 3536, 3726, 3408, 3828, 4182, 3774, 3304, 3938, 4258, 3750, 3928, 3681, 3648, 3764, 3834, 3304, 3296, 3725, 3683, 3984, 3172, 3853, 3719, 3132, 3511, 3296, 4016, 4313, 4224], "episode_rewards": [-21.0, -20.0, -20.0, -20.0, -19.0, -20.0, -21.0, -20.0, -20.0, -18.0, -21.0, -21.0, -20.0, -19.0, -21.0, -20.0, -21.0, -20.0, -19.0, -21.0, -19.0, -21.0, -21.0, -21.0, -21.0, -19.0, -20.0, -21.0, -21.0, -20.0, -21.0, -21.0, -21.0, -20.0, -21.0, -21.0, -19.0, -21.0, -20.0, -20.0, -21.0, -21.0, -19.0, -21.0, -20.0, -21.0, -21.0, -20.0, -21.0, -21.0, -20.0, -19.0, -21.0, -19.0, -20.0, -21.0, -21.0, -20.0, -21.0, -21.0, -21.0, -20.0, -19.0, -21.0, -21.0, -20.0, -21.0, -20.0, -21.0, -21.0, -20.0, -19.0], "episode_types": ["t", "t", "t", "t", "t", "t", "t", "t", "t", "t", "t", "t", "t", "t", "t", "t", "t", "t", "t", "t", "t", "t", "t", "t", "t", "t", "t", "t", "t", "t", "t", "t", "t", "t", "t", "t", "t", "t", "t", "t", "t", "t", "t", "t", "t", "t", "t", "t", "t", "t", "t", "t", "t", "t", "t", "t", "t", "t", "t", "t", "t", "t", "t", "t", "t", "t", "t", "t", "t", "t", "t", "t", "t"]}